2025-05-31_15-48-30,000%,draft.ts:2025-05-31_15-48-30
2025-05-31_15-49-10,100%,draft.ts:2025-05-31_15-49-10
2025-05-31_15-50-12,100%,draft.ts:2025-05-31_15-49-10
2025-05-31_14-02-27,100%,draft.ts:2025-05-31_15-49-10
2025-05-31_14-02-40,000%,draft.ts:2025-05-31_14-02-40
2025-05-31_14-02-49,100%,draft.ts:2025-05-31_14-02-49
2025-05-31_14-03-01,000%,draft.ts:2025-05-31_14-03-01
2025-05-31_14-07-55,100%,draft.ts:2025-05-31_14-07-55
2025-05-31_14-46-19,100%,draft.ts:2025-05-31_14-46-19
2025-05-31_14-46-35,000%,draft.ts:2025-05-31_14-46-35
2025-05-31_14-47-15,000%,draft.ts:2025-05-31_14-46-35
2025-05-31_14-47-39,100%,draft.ts:2025-05-31_14-47-39
